1,John Doe,2021-01-15T09:00:00,1,1
2,Jane Smith,2021-02-20T10:30:00,2,4
3,Mike Johnson,2021-03-10T08:45:00,3,3
4,Sarah Williams,2021-04-05T11:00:00,4,6
5,Robert Brown,2021-05-12T09:15:00,5,7
6,Emily Davis,2021-06-18T10:00:00,1,11
7,David Martinez,2021-07-22T08:30:00,1,12
8,Lisa Anderson,2021-08-14T09:45:00,2,5
9,James Taylor,2021-09-03T11:30:00,6,8
10,Jennifer Thomas,2021-10-25T10:15:00,1,9
11,Michael Garcia,2021-11-08T09:00:00,1,13
12,Maria Rodriguez,2021-12-01T08:00:00,3,10
13,Christopher Lee,2022-01-14T10:45:00,1,14
14,Amanda White,2022-02-19T09:30:00,9,15
15,Daniel Harris,2022-03-28T11:15:00,10,2
16,Jessica Clark,2022-04-17T08:45:00,1,1
17,Matthew Lewis,2022-05-06T10:00:00,2,4
18,Ashley Walker,2022-06-11T09:15:00,5,7
19,Andrew Hall,2022-07-23T11:00:00,6,8
20,Nicole Allen,2022-08-30T08:30:00,1,12
